year_x,municip_name,species,municip_code,year_offset,colonies_amount,food_fruit,food_apple,food_txakoli,food_kiwi,food_pear,food_blueberry,food_raspberry,station_code,freez,hum,lev_max,lev_mid,lev_min,rain,rain_1mm,rain_cum,rain_max_10,rain_max_day,sun,temp_avg,temp_max_abs,temp_max_avg,temp_min_abs,wind_avg,wind_max,wind_max_avg,population
2020,AbadiÃ±o,Vespa Velutina,48001,2019,160.0,0.0,0.0,0.0,0.0,0.0,0.0,0.0,C0B7,0.9166666666666666,77.1,1.294,0.22716666666666666,0.071,16.416666666666668,11.666666666666664,132.5,8.4,90.9,12.516131022057044,13.341666666666667,39.7,26.6,3.4,10.741491092064635,75.76493585006008,40.237986748445074,7.6579999999999995
2020,Abanto y CiÃ©rvana-Abanto Zierbena,Vespa Velutina,48002,2019,161.0,0.0,0.0,0.0,0.0,0.0,0.0,0.0,C061,0.16666666666666666,80.8,0.9804639238370888,0.3448122145572399,0.1877317872170816,15.416666666666664,11.25,100.19166666666666,7.6,51.6,12.506406452323187,14.412869813861306,39.8,24.9,5.0,12.2,117.7,69.7,9.471
2020,Ajangiz,Vespa Velutina,48911,2019,0.0,17.0,1.0,3.0,15.0,0.0,0.0,0.0,C063,1.3333333333333333,79.83333333333333,1.6219999999999999,0.24274999999999994,0.036000000000000004,16.0,11.416666666666664,140.03333333333333,6.8,72.3,12.527297716737039,13.81666666666667,40.2,26.5,2.5,10.935154875974419,75.61364739058294,40.304712276719954,464.0
2020,Alonsotegi,Vespa Velutina,48912,2019,200.0,7.0,0.0,1.0,0.0,0.0,0.0,0.0,C0C4,1.0075710770553412,80.0185091069202,1.8630000000000002,0.3426666666666667,0.0,15.18199863407346,11.221666347426405,110.58534650660931,3.4289565208195545,29.828186386866108,12.544779780343195,12.969818421807046,26.72288121192382,18.224141141235187,8.39614702359015,11.086671896789058,74.898141424968,40.18360993341509,2.8789999999999996
2020,Amorebieta-Etxano,Vespa Velutina,48003,2019,267.0,0.0,0.0,0.0,0.0,0.0,0.0,0.0,C079,0.75,77.425,3.845,0.44125,0.195,15.5,11.916666666666664,126.36666666666666,7.7,84.4,12.523053377225931,13.466666666666667,39.3,25.9,3.2,10.742568424701616,75.63530050907734,40.20375847129639,19.529
2020,Amoroto,Vespa Velutina,48004,2019,0.0,0.0,0.0,0.0,0.0,0.0,0.0,0.0,C0BA,0.16666666666666666,81.51666666666667,2.226,0.25,0.10400000000000001,14.5,11.416666666666664,117.4,7.2,46.5,12.545825701429164,14.833333333333336,40.2,26.1,4.7,11.265566670214687,76.14657314463048,40.391226696657405,416.0
2020,Arakaldo,Vespa Velutina,48005,2019,0.0,0.0,0.0,0.0,0.0,0.0,0.0,0.0,C032,1.1666666666666667,77.05833333333334,1.265,0.27125,0.094,15.0,10.5,99.9,8.1,50.5,12.57019367699651,13.624999999999998,40.7,27.5,3.1,4.758333333333334,82.4,34.6,165.0
2020,Arantzazu,Vespa Velutina,48006,2019,0.0,0.0,0.0,0.0,0.0,0.0,0.0,0.0,C033,0.9166666666666666,78.26736478644737,0.9848924400220112,0.3399263976253875,0.165145090347637,15.833333333333336,12.333333333333336,125.325,8.0,55.2,12.543114793329599,14.066666666666668,40.2,27.6,3.6,7.466666666666666,97.9,41.8,408.0
2020,Areatza,Vespa Velutina,48093,2019,35.0,18.0,0.0,0.0,0.0,0.0,0.0,0.0,C033,0.9166666666666666,78.26736478644737,0.9848924400220112,0.3399263976253875,0.165145090347637,15.833333333333336,12.333333333333336,125.325,8.0,55.2,12.543114793329599,14.066666666666668,40.2,27.6,3.6,7.466666666666666,97.9,41.8,1.216
2020,Arrankudiaga,Vespa Velutina,48009,2019,0.0,275.0,50.0,63.0,19.0,4.0,3.0,0.0,C032,1.1666666666666667,77.05833333333334,1.265,0.27125,0.094,15.0,10.5,99.9,8.1,50.5,12.57019367699651,13.624999999999998,40.7,27.5,3.1,4.758333333333334,82.4,34.6,965.0
2020,Arratzu,Vespa Velutina,48914,2019,0.0,24.0,1.0,3.0,44.0,0.0,0.0,0.0,C002,0.6666666666666666,80.34166666666668,1.1938361568214588,0.3251737984199204,0.1787833884841928,15.583333333333336,11.166666666666664,125.72500000000002,9.5,66.6,12.808333333333332,14.333333333333336,39.4,26.1,4.3,5.075,117.7,42.0,413.0
2020,Arrieta,Vespa Velutina,48010,2019,0.0,22.0,0.0,0.0,1.0,0.0,0.0,0.0,C057,0.5,80.29166666666667,10.354000000000001,0.9042775025271508,0.1808721780469596,16.166666666666668,12.0,123.625,9.5,46.7,12.549999999999995,14.708333333333336,40.2,26.1,4.5,7.3583333333333325,118.8,52.1,580.0
2020,Arrigorriaga,Vespa Velutina,48011,2019,0.0,13.0,0.0,3.0,0.0,0.0,0.0,0.0,C037,0.055985262500775616,75.86742630753108,1.07579382279052,0.3357440629387847,0.1777566123024441,15.5,11.916666666666664,114.68333333333334,6.3,61.3,12.733333333333333,14.476180340698425,39.2,26.2,5.6,9.700418650548537,105.8,54.1,12.225
2020,Artea,Vespa Velutina,48023,2019,680.0,12.0,2.0,3.0,0.0,0.0,0.0,0.0,C033,0.9166666666666666,78.26736478644737,0.9848924400220112,0.3399263976253875,0.165145090347637,15.833333333333336,12.333333333333336,125.325,8.0,55.2,12.543114793329599,14.066666666666668,40.2,27.6,3.6,7.466666666666666,97.9,41.8,733.0
2020,Artzentales,Vespa Velutina,48008,2019,450.0,0.0,0.0,0.0,0.0,0.0,0.0,0.0,C045,0.3333333333333333,86.875,0.9824246587122708,0.3284092200691682,0.1840638622543328,15.083333333333336,11.166666666666664,105.625,4.3,62.8,12.355451655057312,11.541666666666664,35.6,23.7,2.7,21.125,149.0,79.7,699.0
2020,Atxondo,Vespa Velutina,48091,2019,30.0,38.0,0.0,0.0,0.0,0.0,0.0,0.0,C022,2.25,85.53333333333335,1.1750396380928132,0.34155345455554564,0.1775261436509595,17.0,12.5,146.75833333333338,6.7,78.8,12.391666666666673,10.1,34.5,22.5,1.2,8.916666666666668,107.6,46.1,1.335
2020,Aulesti,Vespa Velutina,48070,2019,0.0,45.0,28.0,0.0,1.0,1.0,0.0,0.0,C0BD,1.0833333333333333,82.24166666666667,1.485,0.21916666666666665,0.107,16.0,11.583333333333336,141.33333333333334,4.0,63.1,12.542172848468239,13.166666666666664,39.5,25.5,2.9,11.103342974762214,76.75939166611364,40.309510153413974,657.0
2020,Bakio,Vespa Velutina,48012,2019,30.0,19.0,0.0,107.0,0.0,0.0,0.0,0.0,C019,0.0,81.14166666666667,1.0591856448888304,0.3128449316925888,0.1756425170064362,16.25,12.166666666666664,115.075,9.4,88.7,12.125,13.625,36.0,24.0,4.4,28.0,168.8,92.9,2.676
2020,Balmaseda,Vespa Velutina,48090,2019,244.0,15.0,0.0,27.0,0.0,0.0,0.0,0.0,C0C2,2.0,79.5183325926717,2.256,0.3345833333333333,0.23600000000000002,13.833333333333336,9.166666666666666,103.49166666666666,5.8,64.7,12.540850363796272,13.016666666666667,39.4,27.0,1.6,10.899079451046081,77.4005405491787,40.20266860380167,7.722
2020,Barakaldo,Vespa Velutina,48013,2019,0.0,9.0,0.0,9.0,0.0,0.0,0.0,0.0,C039,0.16666666666666666,71.175,1.1306656886273991,0.3265841034829288,0.1761671826658459,14.0,10.583333333333334,88.35833333333332,5.5,38.0,12.791666666666664,15.04166666666667,39.7,25.3,5.2,11.791666666666664,103.0,55.4,101.486
2020,Barrika,Vespa Velutina,48014,2019,0.0,4.0,0.0,21.0,0.0,0.0,0.0,0.0,C042,0.0,78.9394237185242,0.9766837025574024,0.32720691198062657,0.1795968754380544,14.416666666666664,10.333333333333334,80.59166666666665,6.1,34.0,12.44473858440599,14.925,39.1,23.8,6.6,17.908333333333335,146.9,72.5,1.5330000000000001
2020,Basauri,Vespa Velutina,48015,2019,0.0,0.0,0.0,0.0,19.0,0.0,0.0,0.0,C037,0.055985262500775616,75.86742630753108,1.07579382279052,0.3357440629387847,0.1777566123024441,15.5,11.916666666666664,114.68333333333334,6.3,61.3,12.733333333333333,14.476180340698425,39.2,26.2,5.6,9.700418650548537,105.8,54.1,40.847
2020,Bedia,Vespa Velutina,48092,2019,0.0,5.0,1.0,0.0,0.0,0.0,0.0,0.0,C0B3,1.0833333333333333,78.25833333333333,2.821,0.36775,0.086,14.666666666666664,12.083333333333336,118.11666666666666,4.7,62.3,12.523636858367533,13.658333333333333,39.4,27.1,3.3,10.845314763468682,75.78571339254287,40.193218131107294,1.061
2020,Berango,Vespa Velutina,48016,2019,0.0,10.0,3.0,1.0,0.0,0.0,0.0,0.0,C042,0.0,78.9394237185242,0.9766837025574024,0.32720691198062657,0.1795968754380544,14.416666666666664,10.333333333333334,80.59166666666665,6.1,34.0,12.44473858440599,14.925,39.1,23.8,6.6,17.908333333333335,146.9,72.5,7.2170000000000005
2020,Bermeo,Vespa Velutina,48017,2019,260.0,74.0,0.0,0.0,2.0,1.0,0.0,0.0,C069,0.0,84.23333333333333,1.0831862436382909,0.3347245123972867,0.1804842768992154,15.333333333333336,11.666666666666664,130.20000000000002,7.3,88.0,12.958333333333336,14.775,36.4,24.9,6.6,11.091666666666667,131.4,64.5,16.864
2020,Berriatua,Vespa Velutina,48018,2019,0.0,37.0,9.0,4.0,1.0,1.0,0.0,0.0,C0BE,0.16666666666666666,84.85833333333333,1.655,0.2690833333333333,0.107,14.916666666666664,11.083333333333336,118.06666666666668,6.5,54.5,12.553768921329059,14.608333333333334,41.9,25.6,5.2,11.551846633357222,77.14960531720959,40.42037860116246,1.251
2020,Berriz,Vespa Velutina,48019,2019,0.0,53.0,1.0,1.0,4.0,0.0,0.0,0.0,C036,0.5833333333333334,77.37500000000001,1.0972176432431715,0.3314236051811536,0.1795627215810889,15.083333333333336,11.0,124.76666666666664,6.9,65.1,12.866666666666665,13.816666666666665,40.1,26.7,3.1,8.766666666666666,101.2,47.0,4.58
2020,Busturia,Vespa Velutina,48021,2019,0.0,37.0,1.0,2.0,0.0,4.0,1.0,0.0,C069,0.0,84.23333333333333,1.0831862436382909,0.3347245123972867,0.1804842768992154,15.333333333333336,11.666666666666664,130.20000000000002,7.3,88.0,12.958333333333336,14.775,36.4,24.9,6.6,11.091666666666667,131.4,64.5,1.632
2020,Derio,Vespa Velutina,48901,2019,0.0,8.0,1.0,7.0,0.0,0.0,0.0,0.0,C003,0.6666666666666666,76.73333333333333,1.1678055852241085,0.3297660440343857,0.1845509737036973,15.25,11.166666666666664,117.89166666666668,7.3,55.6,11.758333333333333,14.041666666666664,41.0,26.3,3.9,6.283333333333334,92.2,42.1,6.73
2020,Dima,Vespa Velutina,48026,2019,150.0,42.0,0.0,14.0,3.0,2.0,0.0,0.0,C022,2.25,85.53333333333335,1.1750396380928132,0.34155345455554564,0.1775261436509595,17.0,12.5,146.75833333333338,6.7,78.8,12.391666666666673,10.1,34.5,22.5,1.2,8.916666666666668,107.6,46.1,1.4480000000000002
2020,Durango,Vespa Velutina,48027,2019,0.0,12.0,0.0,17.0,0.0,0.0,0.0,0.0,C0B7,0.9166666666666666,77.1,1.294,0.22716666666666666,0.071,16.416666666666668,11.666666666666664,132.5,8.4,90.9,12.516131022057044,13.341666666666667,39.7,26.6,3.4,10.741491092064635,75.76493585006008,40.237986748445074,30.118000000000002
2020,Ea,Vespa Velutina,48028,2019,103.0,19.0,0.0,6.0,0.0,0.0,0.0,0.0,C002,0.6666666666666666,80.34166666666668,1.1938361568214588,0.3251737984199204,0.1787833884841928,15.583333333333336,11.166666666666664,125.72500000000002,9.5,66.6,12.808333333333332,14.333333333333336,39.4,26.1,4.3,5.075,117.7,42.0,808.0
2020,Elantxobe,Vespa Velutina,48031,2019,0.0,2.0,0.0,0.0,0.0,0.0,0.0,0.0,C002,0.6666666666666666,80.34166666666668,1.1938361568214588,0.3251737984199204,0.1787833884841928,15.583333333333336,11.166666666666664,125.72500000000002,9.5,66.6,12.808333333333332,14.333333333333336,39.4,26.1,4.3,5.075,117.7,42.0,347.0
2020,Elorrio,Vespa Velutina,48032,2019,81.0,61.0,0.0,14.0,0.0,0.0,0.0,0.0,C0D3,0.8333333333333334,83.44166666666669,0.75,0.1160833333333333,0.005,17.333333333333332,12.416666666666664,141.6,7.3,68.3,12.535040263599356,12.041666666666664,37.8,25.0,2.4,11.261110028494466,77.22801255444327,40.305620944071656,7.375
2020,Erandio,Vespa Velutina,48902,2019,0.0,17.0,0.0,16.0,2.0,0.0,2.0,0.0,C038,0.0,71.18333333333334,0.9889626073169466,0.3395586841744805,0.1658383896663925,14.5,10.583333333333334,93.80833333333334,6.3,36.9,12.508328570014866,15.766666666666666,41.5,27.0,6.5,8.771092382234093,89.6,51.1,24.53
2020,EreÃ±o,Vespa Velutina,48033,2019,0.0,18.0,3.0,0.0,0.0,0.0,0.0,0.0,C002,0.6666666666666666,80.34166666666668,1.1938361568214588,0.3251737984199204,0.1787833884841928,15.583333333333336,11.166666666666664,125.72500000000002,9.5,66.6,12.808333333333332,14.333333333333336,39.4,26.1,4.3,5.075,117.7,42.0,260.0
2020,Ermua,Vespa Velutina,48034,2019,0.0,1.0,1.0,0.0,0.0,0.0,0.0,0.0,C075,0.5,83.29166666666667,1.0323723860699014,0.3348303260943644,0.1820787542649195,16.25,11.5,133.43333333333334,5.1,81.3,12.61204589535859,13.516666666666666,42.4,28.5,3.2,5.633333333333334,95.4,39.7,15.847000000000001
2020,Errigoiti,Vespa Velutina,48079,2019,0.0,19.0,3.0,11.0,2.0,0.0,0.0,0.0,C063,1.3333333333333333,79.83333333333333,1.6219999999999999,0.24274999999999994,0.036000000000000004,16.0,11.416666666666664,140.03333333333333,6.8,72.3,12.527297716737039,13.81666666666667,40.2,26.5,2.5,10.935154875974419,75.61364739058294,40.304712276719954,486.0
2020,Etxebarri,Vespa Velutina,48029,2019,0.0,2.0,0.0,0.0,0.0,0.0,0.0,0.0,C0B1,0.3333333333333333,83.25000000000001,3.865,0.4036666666666666,0.022000000000000002,15.166666666666664,11.416666666666664,106.9,6.1,41.6,12.546780308446396,13.808333333333332,38.0,25.6,4.2,11.424262457247545,78.18008464755316,40.336143470647656,11.690999999999999
2020,Etxebarria,Vespa Velutina,48030,2019,0.0,23.0,8.0,0.0,1.0,0.0,0.0,0.0,C0BD,1.0833333333333333,82.24166666666667,1.485,0.21916666666666665,0.107,16.0,11.583333333333336,141.33333333333334,4.0,63.1,12.542172848468239,13.166666666666664,39.5,25.5,2.9,11.103342974762214,76.75939166611364,40.309510153413974,782.0
2020,Forua,Vespa Velutina,48906,2019,0.0,12.0,2.0,0.0,10.0,0.0,1.0,0.0,C002,0.6666666666666666,80.34166666666668,1.1938361568214588,0.3251737984199204,0.1787833884841928,15.583333333333336,11.166666666666664,125.72500000000002,9.5,66.6,12.808333333333332,14.333333333333336,39.4,26.1,4.3,5.075,117.7,42.0,907.0
2020,Fruiz,Vespa Velutina,48035,2019,0.0,16.0,0.0,0.0,2.0,0.0,0.0,0.0,C057,0.5,80.29166666666667,10.354000000000001,0.9042775025271508,0.1808721780469596,16.166666666666668,12.0,123.625,9.5,46.7,12.549999999999995,14.708333333333336,40.2,26.1,4.5,7.3583333333333325,118.8,52.1,552.0
2020,Galdakao,Vespa Velutina,48036,2019,41.0,35.0,1.0,13.0,0.0,0.0,0.0,0.0,C037,0.055985262500775616,75.86742630753108,1.07579382279052,0.3357440629387847,0.1777566123024441,15.5,11.916666666666664,114.68333333333334,6.3,61.3,12.733333333333333,14.476180340698425,39.2,26.2,5.6,9.700418650548537,105.8,54.1,29.427
2020,Galdames,Vespa Velutina,48037,2019,0.0,18.0,9.0,19.0,0.0,0.0,6.0,0.0,C061,0.16666666666666666,80.8,0.9804639238370888,0.3448122145572399,0.1877317872170816,15.416666666666664,11.25,100.19166666666666,7.6,51.6,12.506406452323187,14.412869813861306,39.8,24.9,5.0,12.2,117.7,69.7,838.0
2020,Gamiz-Fika,Vespa Velutina,48038,2019,0.0,47.0,0.0,27.0,1.0,0.0,0.0,0.0,C003,0.6666666666666666,76.73333333333333,1.1678055852241085,0.3297660440343857,0.1845509737036973,15.25,11.166666666666664,117.89166666666668,7.3,55.6,11.758333333333333,14.041666666666664,41.0,26.3,3.9,6.283333333333334,92.2,42.1,1.3619999999999999
2020,Garai,Vespa Velutina,48039,2019,0.0,19.0,0.0,0.0,1.0,0.0,0.0,0.0,C036,0.5833333333333334,77.37500000000001,1.0972176432431715,0.3314236051811536,0.1795627215810889,15.083333333333336,11.0,124.76666666666664,6.9,65.1,12.866666666666665,13.816666666666665,40.1,26.7,3.1,8.766666666666666,101.2,47.0,325.0
2020,Gatika,Vespa Velutina,48040,2019,0.0,41.0,14.0,17.0,7.0,0.0,2.0,0.0,C057,0.5,80.29166666666667,10.354000000000001,0.9042775025271508,0.1808721780469596,16.166666666666668,12.0,123.625,9.5,46.7,12.549999999999995,14.708333333333336,40.2,26.1,4.5,7.3583333333333325,118.8,52.1,1.665
2020,Gautegiz Arteaga,Vespa Velutina,48041,2019,0.0,28.0,3.0,9.0,5.0,1.0,0.0,0.0,C002,0.6666666666666666,80.34166666666668,1.1938361568214588,0.3251737984199204,0.1787833884841928,15.583333333333336,11.166666666666664,125.72500000000002,9.5,66.6,12.808333333333332,14.333333333333336,39.4,26.1,4.3,5.075,117.7,42.0,808.0
2020,Gernika-Lumo,Vespa Velutina,48046,2019,0.0,11.0,11.0,31.0,8.0,0.0,0.0,0.0,C063,1.3333333333333333,79.83333333333333,1.6219999999999999,0.24274999999999994,0.036000000000000004,16.0,11.416666666666664,140.03333333333333,6.8,72.3,12.527297716737039,13.81666666666667,40.2,26.5,2.5,10.935154875974419,75.61364739058294,40.304712276719954,17.105
2020,Getxo,Vespa Velutina,48044,2019,0.0,5.0,0.0,0.0,0.0,0.0,0.0,0.0,C042,0.0,78.9394237185242,0.9766837025574024,0.32720691198062657,0.1795968754380544,14.416666666666664,10.333333333333334,80.59166666666665,6.1,34.0,12.44473858440599,14.925,39.1,23.8,6.6,17.908333333333335,146.9,72.5,77.77
2020,Gizaburuaga,Vespa Velutina,48047,2019,0.0,18.0,6.0,0.0,0.0,1.0,0.0,0.0,C0BA,0.16666666666666666,81.51666666666667,2.226,0.25,0.10400000000000001,14.5,11.416666666666664,117.4,7.2,46.5,12.545825701429164,14.833333333333336,40.2,26.1,4.7,11.265566670214687,76.14657314463048,40.391226696657405,197.0
2020,Gordexola,Vespa Velutina,48042,2019,0.0,14.0,0.0,39.0,0.0,0.0,0.0,0.0,C0C3,0.75,80.12842866695708,1.0658145356624595,0.3336574915267015,0.1759835934163015,14.583333333333336,10.416666666666666,107.375,6.3,58.5,12.588153056037052,13.983333333333334,41.4,27.9,2.9,6.116666666666666,72.7,39.5,1.6969999999999998
2020,Gorliz,Vespa Velutina,48043,2019,650.0,4.0,0.0,8.0,0.0,0.0,0.0,0.0,C057,0.5,80.29166666666667,10.354000000000001,0.9042775025271508,0.1808721780469596,16.166666666666668,12.0,123.625,9.5,46.7,12.549999999999995,14.708333333333336,40.2,26.1,4.5,7.3583333333333325,118.8,52.1,5.891
2020,GÃ¼eÃ±es,Vespa Velutina,48045,2019,175.0,9.0,0.0,29.0,0.0,0.0,0.0,0.0,C0C3,0.75,80.12842866695708,1.0658145356624595,0.3336574915267015,0.1759835934163015,14.583333333333336,10.416666666666666,107.375,6.3,58.5,12.588153056037052,13.983333333333334,41.4,27.9,2.9,6.116666666666666,72.7,39.5,6.736000000000001
2020,Ibarrangelu,Vespa Velutina,48048,2019,0.0,7.0,0.0,3.0,0.0,0.0,0.0,0.0,C002,0.6666666666666666,80.34166666666668,1.1938361568214588,0.3251737984199204,0.1787833884841928,15.583333333333336,11.166666666666664,125.72500000000002,9.5,66.6,12.808333333333332,14.333333333333336,39.4,26.1,4.3,5.075,117.7,42.0,629.0
2020,Igorre,Vespa Velutina,48094,2019,0.0,32.0,6.0,4.0,7.0,0.0,0.0,1.0,C033,0.9166666666666666,78.26736478644737,0.9848924400220112,0.3399263976253875,0.165145090347637,15.833333333333336,12.333333333333336,125.325,8.0,55.2,12.543114793329599,14.066666666666668,40.2,27.6,3.6,7.466666666666666,97.9,41.8,4.337
2020,Ispaster,Vespa Velutina,48049,2019,0.0,44.0,46.0,0.0,1.0,1.0,1.0,0.0,C0BA,0.16666666666666666,81.51666666666667,2.226,0.25,0.10400000000000001,14.5,11.416666666666664,117.4,7.2,46.5,12.545825701429164,14.833333333333336,40.2,26.1,4.7,11.265566670214687,76.14657314463048,40.391226696657405,729.0
2020,Iurreta,Vespa Velutina,48910,2019,0.0,58.0,0.0,29.0,2.0,0.0,0.0,0.0,C0B6,1.0833333333333333,83.975,1.0238362985519591,0.3542354426875073,0.1767568761955146,15.833333333333336,11.666666666666664,131.21666666666667,6.3,82.0,12.54035753801078,13.216666666666667,39.6,27.3,2.9,11.333593901756025,77.43830707716373,40.34239572803124,3.665
2020,Izurtza,Vespa Velutina,48050,2019,0.0,5.0,0.0,10.0,0.0,0.0,0.0,0.0,C0B7,0.9166666666666666,77.1,1.294,0.22716666666666666,0.071,16.416666666666668,11.666666666666664,132.5,8.4,90.9,12.516131022057044,13.341666666666667,39.7,26.6,3.4,10.741491092064635,75.76493585006008,40.237986748445074,252.0
2020,Karrantza Harana/Valle de Carranza,Vespa Velutina,48022,2019,142.0,25.0,1.0,12.0,1.0,0.0,2.0,0.0,C065,0.6666666666666666,80.525,1.0586851372713784,0.32265475773895763,0.1765929660080026,15.75,11.083333333333336,125.46666666666664,9.4,101.7,12.800000000000002,11.725,35.0,22.8,2.9,16.177574907592007,154.4,82.3,2.803
2020,Kortezubi,Vespa Velutina,48907,2019,267.0,36.0,5.0,14.0,0.0,1.0,0.0,0.0,C002,0.6666666666666666,80.34166666666668,1.1938361568214588,0.3251737984199204,0.1787833884841928,15.583333333333336,11.166666666666664,125.72500000000002,9.5,66.6,12.808333333333332,14.333333333333336,39.4,26.1,4.3,5.075,117.7,42.0,442.0
2020,Larrabetzu,Vespa Velutina,48052,2019,0.0,36.0,4.0,32.0,0.0,0.0,0.0,0.0,C003,0.6666666666666666,76.73333333333333,1.1678055852241085,0.3297660440343857,0.1845509737036973,15.25,11.166666666666664,117.89166666666668,7.3,55.6,11.758333333333333,14.041666666666664,41.0,26.3,3.9,6.283333333333334,92.2,42.1,2.037
2020,Laukiz,Vespa Velutina,48053,2019,0.0,22.0,0.0,2.0,0.0,0.0,0.0,0.0,C057,0.5,80.29166666666667,10.354000000000001,0.9042775025271508,0.1808721780469596,16.166666666666668,12.0,123.625,9.5,46.7,12.549999999999995,14.708333333333336,40.2,26.1,4.5,7.3583333333333325,118.8,52.1,1.227
2020,Leioa,Vespa Velutina,48054,2019,0.0,11.0,0.0,11.0,0.0,0.0,2.0,0.0,C038,0.0,71.18333333333334,0.9889626073169466,0.3395586841744805,0.1658383896663925,14.5,10.583333333333334,93.80833333333334,6.3,36.9,12.508328570014866,15.766666666666666,41.5,27.0,6.5,8.771092382234093,89.6,51.1,32.013000000000005
2020,Lekeitio,Vespa Velutina,48057,2019,0.0,1.0,4.0,2.0,0.0,0.0,0.0,0.0,C0BA,0.16666666666666666,81.51666666666667,2.226,0.25,0.10400000000000001,14.5,11.416666666666664,117.4,7.2,46.5,12.545825701429164,14.833333333333336,40.2,26.1,4.7,11.265566670214687,76.14657314463048,40.391226696657405,7.317
2020,Lemoa,Vespa Velutina,48055,2019,0.0,25.0,1.0,5.0,0.0,0.0,0.0,0.0,C0B3,1.0833333333333333,78.25833333333333,2.821,0.36775,0.086,14.666666666666664,12.083333333333336,118.11666666666666,4.7,62.3,12.523636858367533,13.658333333333333,39.4,27.1,3.3,10.845314763468682,75.78571339254287,40.193218131107294,3.5039999999999996
2020,Lemoiz,Vespa Velutina,48056,2019,0.0,12.0,7.0,6.0,0.0,0.0,0.0,0.0,C057,0.5,80.29166666666667,10.354000000000001,0.9042775025271508,0.1808721780469596,16.166666666666668,12.0,123.625,9.5,46.7,12.549999999999995,14.708333333333336,40.2,26.1,4.5,7.3583333333333325,118.8,52.1,1.258
2020,Lezama,Vespa Velutina,48081,2019,0.0,34.0,0.0,132.0,0.0,1.0,0.0,0.0,C003,0.6666666666666666,76.73333333333333,1.1678055852241085,0.3297660440343857,0.1845509737036973,15.25,11.166666666666664,117.89166666666668,7.3,55.6,11.758333333333333,14.041666666666664,41.0,26.3,3.9,6.283333333333334,92.2,42.1,2.445
2020,Loiu,Vespa Velutina,48903,2019,0.0,15.0,0.0,15.0,0.0,0.0,0.0,0.0,C0B9,0.75,80.81666666666666,2.436,0.5061666666666667,0.297,15.666666666666664,10.833333333333336,93.26666666666668,4.7,38.5,12.532926511741955,13.966666666666667,39.6,26.4,3.4,11.14641026592582,76.16230816690246,40.32368526501237,2.394
2020,Mallabia,Vespa Velutina,48058,2019,0.0,58.0,16.0,0.0,0.0,0.0,0.0,0.0,C075,0.5,83.29166666666667,1.0323723860699014,0.3348303260943644,0.1820787542649195,16.25,11.5,133.43333333333334,5.1,81.3,12.61204589535859,13.516666666666666,42.4,28.5,3.2,5.633333333333334,95.4,39.7,1.173
2020,Markina-Xemein,Vespa Velutina,48060,2019,0.0,59.0,21.0,15.0,2.0,0.0,0.0,0.0,C0BD,1.0833333333333333,82.24166666666667,1.485,0.21916666666666665,0.107,16.0,11.583333333333336,141.33333333333334,4.0,63.1,12.542172848468239,13.166666666666664,39.5,25.5,2.9,11.103342974762214,76.75939166611364,40.309510153413974,5.0680000000000005
2020,Maruri-Jatabe,Vespa Velutina,48061,2019,0.0,15.0,8.0,10.0,0.0,0.0,0.0,0.0,C057,0.5,80.29166666666667,10.354000000000001,0.9042775025271508,0.1808721780469596,16.166666666666668,12.0,123.625,9.5,46.7,12.549999999999995,14.708333333333336,40.2,26.1,4.5,7.3583333333333325,118.8,52.1,978.0
2020,MaÃ±aria,Vespa Velutina,48059,2019,30.0,5.0,0.0,0.0,0.0,0.0,0.0,0.0,C0B7,0.9166666666666666,77.1,1.294,0.22716666666666666,0.071,16.416666666666668,11.666666666666664,132.5,8.4,90.9,12.516131022057044,13.341666666666667,39.7,26.6,3.4,10.741491092064635,75.76493585006008,40.237986748445074,522.0
2020,Mendata,Vespa Velutina,48062,2019,0.0,40.0,3.0,3.0,5.0,1.0,0.0,0.0,C063,1.3333333333333333,79.83333333333333,1.6219999999999999,0.24274999999999994,0.036000000000000004,16.0,11.416666666666664,140.03333333333333,6.8,72.3,12.527297716737039,13.81666666666667,40.2,26.5,2.5,10.935154875974419,75.61364739058294,40.304712276719954,380.0
2020,Mendexa,Vespa Velutina,48063,2019,0.0,35.0,10.0,14.0,0.0,3.0,0.0,0.0,C0BA,0.16666666666666666,81.51666666666667,2.226,0.25,0.10400000000000001,14.5,11.416666666666664,117.4,7.2,46.5,12.545825701429164,14.833333333333336,40.2,26.1,4.7,11.265566670214687,76.14657314463048,40.391226696657405,425.0
2020,MeÃ±aka,Vespa Velutina,48064,2019,0.0,18.0,0.0,0.0,0.0,0.0,0.0,0.0,C057,0.5,80.29166666666667,10.354000000000001,0.9042775025271508,0.1808721780469596,16.166666666666668,12.0,123.625,9.5,46.7,12.549999999999995,14.708333333333336,40.2,26.1,4.5,7.3583333333333325,118.8,52.1,754.0
2020,Morga,Vespa Velutina,48066,2019,0.0,22.0,3.0,39.0,0.0,0.0,0.0,0.0,C063,1.3333333333333333,79.83333333333333,1.6219999999999999,0.24274999999999994,0.036000000000000004,16.0,11.416666666666664,140.03333333333333,6.8,72.3,12.527297716737039,13.81666666666667,40.2,26.5,2.5,10.935154875974419,75.61364739058294,40.304712276719954,405.0
2020,Mundaka,Vespa Velutina,48068,2019,0.0,5.0,0.0,3.0,0.0,0.0,0.0,0.0,C069,0.0,84.23333333333333,1.0831862436382909,0.3347245123972867,0.1804842768992154,15.333333333333336,11.666666666666664,130.20000000000002,7.3,88.0,12.958333333333336,14.775,36.4,24.9,6.6,11.091666666666667,131.4,64.5,1.845
2020,Mungia,Vespa Velutina,48069,2019,0.0,71.0,4.0,32.0,1.0,0.0,0.0,0.0,C057,0.5,80.29166666666667,10.354000000000001,0.9042775025271508,0.1808721780469596,16.166666666666668,12.0,123.625,9.5,46.7,12.549999999999995,14.708333333333336,40.2,26.1,4.5,7.3583333333333325,118.8,52.1,17.665
2020,Munitibar-Arbatzegi Gerrikaitz,Vespa Velutina,48007,2019,0.0,0.0,0.0,0.0,0.0,0.0,0.0,0.0,C046,1.8333333333333333,81.67500000000003,0.9728072696405708,0.3135862897807886,0.1822656196310409,16.833333333333332,12.916666666666664,112.2,4.4,45.8,12.213177963809274,9.775,33.0,19.7,0.6,27.241666666666664,146.2,80.3,473.0
2020,Murueta,Vespa Velutina,48908,2019,0.0,5.0,0.0,0.0,0.0,0.0,0.0,0.0,C002,0.6666666666666666,80.34166666666668,1.1938361568214588,0.3251737984199204,0.1787833884841928,15.583333333333336,11.166666666666664,125.72500000000002,9.5,66.6,12.808333333333332,14.333333333333336,39.4,26.1,4.3,5.075,117.7,42.0,319.0
2020,Muskiz,Vespa Velutina,48071,2019,635.0,11.0,0.0,2.0,0.0,0.0,0.0,0.0,C061,0.16666666666666666,80.8,0.9804639238370888,0.3448122145572399,0.1877317872170816,15.416666666666664,11.25,100.19166666666666,7.6,51.6,12.506406452323187,14.412869813861306,39.8,24.9,5.0,12.2,117.7,69.7,7.5360000000000005
2020,Muxika,Vespa Velutina,48067,2019,400.0,97.0,21.0,122.0,10.0,0.0,3.0,0.0,C063,1.3333333333333333,79.83333333333333,1.6219999999999999,0.24274999999999994,0.036000000000000004,16.0,11.416666666666664,140.03333333333333,6.8,72.3,12.527297716737039,13.81666666666667,40.2,26.5,2.5,10.935154875974419,75.61364739058294,40.304712276719954,1.4680000000000002
2020,Nabarniz,Vespa Velutina,48909,2019,0.0,16.0,5.0,1.0,0.0,0.0,0.0,0.0,C002,0.6666666666666666,80.34166666666668,1.1938361568214588,0.3251737984199204,0.1787833884841928,15.583333333333336,11.166666666666664,125.72500000000002,9.5,66.6,12.808333333333332,14.333333333333336,39.4,26.1,4.3,5.075,117.7,42.0,246.0
2020,Ondarroa,Vespa Velutina,48073,2019,0.0,4.0,2.0,2.0,0.0,0.0,0.0,0.0,C0BE,0.16666666666666666,84.85833333333333,1.655,0.2690833333333333,0.107,14.916666666666664,11.083333333333336,118.06666666666668,6.5,54.5,12.553768921329059,14.608333333333334,41.9,25.6,5.2,11.551846633357222,77.14960531720959,40.42037860116246,8.395
2020,Orozko,Vespa Velutina,48075,2019,212.0,82.0,1.0,9.0,1.0,0.0,0.0,0.0,C0B4,0.8333333333333334,79.45833333333333,2.08,0.11783333333333333,0.0,15.666666666666664,11.333333333333336,94.10833333333332,8.5,47.5,12.59297786539607,13.108333333333333,39.7,26.7,2.9,5.008333333333333,69.5,32.9,2.65
2020,Ortuella,Vespa Velutina,48083,2019,0.0,5.0,0.0,0.0,0.0,0.0,0.0,0.0,C061,0.16666666666666666,80.8,0.9804639238370888,0.3448122145572399,0.1877317872170816,15.416666666666664,11.25,100.19166666666666,7.6,51.6,12.506406452323187,14.412869813861306,39.8,24.9,5.0,12.2,117.7,69.7,8.385
2020,Otxandio,Vespa Velutina,48072,2019,0.0,1.0,0.0,0.0,0.0,0.0,0.0,0.0,C054,4.333333333333333,81.825,2.966,0.203,0.0,16.333333333333332,12.083333333333336,133.00833333333333,13.2,66.2,12.7,11.041666666666664,36.7,25.2,0.1,5.941666666666666,74.2,37.4,1.33
2020,Plentzia,Vespa Velutina,48077,2019,0.0,4.0,1.0,0.0,0.0,0.0,0.0,0.0,C057,0.5,80.29166666666667,10.354000000000001,0.9042775025271508,0.1808721780469596,16.166666666666668,12.0,123.625,9.5,46.7,12.549999999999995,14.708333333333336,40.2,26.1,4.5,7.3583333333333325,118.8,52.1,4.353
2020,Portugalete,Vespa Velutina,48078,2019,0.0,0.0,0.0,0.0,0.0,0.0,0.0,0.0,C038,0.0,71.18333333333334,0.9889626073169466,0.3395586841744805,0.1658383896663925,14.5,10.583333333333334,93.80833333333334,6.3,36.9,12.508328570014866,15.766666666666666,41.5,27.0,6.5,8.771092382234093,89.6,51.1,45.746
2020,Santurtzi,Vespa Velutina,48082,2019,0.0,3.0,0.0,0.0,0.0,0.0,0.0,0.0,C061,0.16666666666666666,80.8,0.9804639238370888,0.3448122145572399,0.1877317872170816,15.416666666666664,11.25,100.19166666666666,7.6,51.6,12.506406452323187,14.412869813861306,39.8,24.9,5.0,12.2,117.7,69.7,46.068999999999996
2020,Sestao,Vespa Velutina,48084,2019,0.0,0.0,0.0,0.0,0.0,0.0,0.0,0.0,C038,0.0,71.18333333333334,0.9889626073169466,0.3395586841744805,0.1658383896663925,14.5,10.583333333333334,93.80833333333334,6.3,36.9,12.508328570014866,15.766666666666666,41.5,27.0,6.5,8.771092382234093,89.6,51.1,27.451999999999998
2020,Sondika,Vespa Velutina,48904,2019,0.0,7.0,0.0,7.0,0.0,0.0,0.0,0.0,C0B9,0.75,80.81666666666666,2.436,0.5061666666666667,0.297,15.666666666666664,10.833333333333336,93.26666666666668,4.7,38.5,12.532926511741955,13.966666666666667,39.6,26.4,3.4,11.14641026592582,76.16230816690246,40.32368526501237,4.547
2020,Sopela,Vespa Velutina,48085,2019,0.0,1.0,0.0,0.0,0.0,0.0,0.0,0.0,C042,0.0,78.9394237185242,0.9766837025574024,0.32720691198062657,0.1795968754380544,14.416666666666664,10.333333333333334,80.59166666666665,6.1,34.0,12.44473858440599,14.925,39.1,23.8,6.6,17.908333333333335,146.9,72.5,14.12
2020,Sopuerta,Vespa Velutina,48086,2019,50.0,19.0,5.0,25.0,0.0,0.0,0.0,0.0,C045,0.3333333333333333,86.875,0.9824246587122708,0.3284092200691682,0.1840638622543328,15.083333333333336,11.166666666666664,105.625,4.3,62.8,12.355451655057312,11.541666666666664,35.6,23.7,2.7,21.125,149.0,79.7,2.57
2020,Sukarrieta,Vespa Velutina,48076,2019,0.0,6.0,0.0,0.0,0.0,0.0,0.0,0.0,C069,0.0,84.23333333333333,1.0831862436382909,0.3347245123972867,0.1804842768992154,15.333333333333336,11.666666666666664,130.20000000000002,7.3,88.0,12.958333333333336,14.775,36.4,24.9,6.6,11.091666666666667,131.4,64.5,331.0
2020,Trucios-Turtzioz,Vespa Velutina,48087,2019,0.0,1.0,1.0,0.0,0.0,0.0,0.0,0.0,C045,0.3333333333333333,86.875,0.9824246587122708,0.3284092200691682,0.1840638622543328,15.083333333333336,11.166666666666664,105.625,4.3,62.8,12.355451655057312,11.541666666666664,35.6,23.7,2.7,21.125,149.0,79.7,509.0
2020,Ubide,Vespa Velutina,48088,2019,0.0,10.0,0.0,0.0,0.0,0.0,0.0,0.0,C054,4.333333333333333,81.825,2.966,0.203,0.0,16.333333333333332,12.083333333333336,133.00833333333333,13.2,66.2,12.7,11.041666666666664,36.7,25.2,0.1,5.941666666666666,74.2,37.4,164.0
2020,Ugao-Miraballes,Vespa Velutina,48065,2019,0.0,9.0,0.0,0.0,0.0,0.0,0.0,0.0,C037,0.055985262500775616,75.86742630753108,1.07579382279052,0.3357440629387847,0.1777566123024441,15.5,11.916666666666664,114.68333333333334,6.3,61.3,12.733333333333333,14.476180340698425,39.2,26.2,5.6,9.700418650548537,105.8,54.1,4.148
2020,Urduliz,Vespa Velutina,48089,2019,0.0,15.0,0.0,0.0,0.0,0.0,3.0,0.0,C042,0.0,78.9394237185242,0.9766837025574024,0.32720691198062657,0.1795968754380544,14.416666666666664,10.333333333333334,80.59166666666665,6.1,34.0,12.44473858440599,14.925,39.1,23.8,6.6,17.908333333333335,146.9,72.5,4.712
2020,UrduÃ±a/OrduÃ±a,Vespa Velutina,48074,2019,0.0,29.0,0.0,11.0,0.0,0.0,0.0,1.0,C072,2.083333333333333,81.14166666666667,0.9560532502293676,0.3160188322309479,0.1666127309406088,15.416666666666664,11.166666666666664,85.625,7.2,69.3,12.271537051213109,9.975,34.3,22.4,0.7,23.83333333333333,169.6,76.8,4.192
2020,Valle de TrÃ¡paga-Trapagaran,Vespa Velutina,48080,2019,0.0,4.0,0.0,0.0,0.0,0.0,0.0,0.0,C061,0.16666666666666666,80.8,0.9804639238370888,0.3448122145572399,0.1877317872170816,15.416666666666664,11.25,100.19166666666666,7.6,51.6,12.506406452323187,14.412869813861306,39.8,24.9,5.0,12.2,117.7,69.7,11.975
2020,Zaldibar,Vespa Velutina,48095,2019,0.0,19.0,0.0,0.0,0.0,0.0,0.0,0.0,C075,0.5,83.29166666666667,1.0323723860699014,0.3348303260943644,0.1820787542649195,16.25,11.5,133.43333333333334,5.1,81.3,12.61204589535859,13.516666666666666,42.4,28.5,3.2,5.633333333333334,95.4,39.7,3.045
2020,Zalla,Vespa Velutina,48096,2019,0.0,19.0,2.0,89.0,0.0,0.0,0.0,0.0,C0C1,0.04259788988343962,75.46315795739649,3.7960000000000003,0.6491666666666667,0.0,14.5,9.916666666666666,95.40000000000002,3.7,48.1,12.531779777487976,14.176879880509961,41.1,28.2,3.1,10.623604880664873,76.19108421457263,40.19409342907198,8.45
2020,Zamudio,Vespa Velutina,48905,2019,0.0,41.0,0.0,66.0,2.0,0.0,0.0,0.0,C003,0.6666666666666666,76.73333333333333,1.1678055852241085,0.3297660440343857,0.1845509737036973,15.25,11.166666666666664,117.89166666666668,7.3,55.6,11.758333333333333,14.041666666666664,41.0,26.3,3.9,6.283333333333334,92.2,42.1,3.275
2020,Zaratamo,Vespa Velutina,48097,2019,0.0,8.0,0.0,0.0,0.0,0.0,0.0,0.0,C037,0.055985262500775616,75.86742630753108,1.07579382279052,0.3357440629387847,0.1777566123024441,15.5,11.916666666666664,114.68333333333334,6.3,61.3,12.733333333333333,14.476180340698425,39.2,26.2,5.6,9.700418650548537,105.8,54.1,1.631
2020,Zeanuri,Vespa Velutina,48024,2019,15.0,64.0,5.0,2.0,3.0,0.0,0.0,0.0,C044,3.6666666666666665,86.11666666666666,1.0016375489378724,0.3538922081293192,0.1783308371451579,14.5,10.666666666666666,125.28333333333332,11.0,105.4,12.546145321023431,9.975,35.6,23.1,0.6,11.360857369254141,80.99366737828272,40.237154072950695,1.245
2020,Zeberio,Vespa Velutina,48025,2019,0.0,70.0,5.0,5.0,1.0,0.0,0.0,0.0,C066,0.5,79.72499999999998,0.9721044762418004,0.3180831646784216,0.179268671172237,15.245988322128682,11.036097060312722,107.0255407855663,4.004794987749725,27.582063660625,12.366609561810202,11.408333333333333,35.9,23.2,2.0,19.941666666666666,133.2,69.4,1.095
2020,Zierbena,Vespa Velutina,48913,2019,0.0,13.0,0.0,0.0,4.0,0.0,0.0,0.0,C042,0.0,78.9394237185242,0.9766837025574024,0.32720691198062657,0.1795968754380544,14.416666666666664,10.333333333333334,80.59166666666665,6.1,34.0,12.44473858440599,14.925,39.1,23.8,6.6,17.908333333333335,146.9,72.5,1.52
2020,Ziortza-Bolibar,Vespa Velutina,48915,2019,0.0,21.0,11.0,0.0,0.0,0.0,0.0,0.0,C0BD,1.0833333333333333,82.24166666666667,1.485,0.21916666666666665,0.107,16.0,11.583333333333336,141.33333333333334,4.0,63.1,12.542172848468239,13.166666666666664,39.5,25.5,2.9,11.103342974762214,76.75939166611364,40.309510153413974,404.0
2020,Lanestosa,Vespa Velutina,48051,2019,0.0,1.0,0.0,0.0,0.0,0.0,0.0,0.0,C065,0.6666666666666666,80.525,1.0586851372713784,0.32265475773895763,0.1765929660080026,15.75,11.083333333333336,125.46666666666664,9.4,101.7,12.800000000000002,11.725,35.0,22.8,2.9,16.177574907592007,154.4,82.3,253.0
